id,category,english,korean,grammar_id,grammar_name,structure,difficulty,page,syntax_chunks_eng,syntax_chunks_kor,syntax_roles,role_in_sentence,variation_flags
L01-01,Listening,What makes you happy?,무엇이 너를 행복하게 하니?,G0101,5형식 사역동사,make + O + ADJ,하,12,What makes | you happy?,무엇이 너를 | 행복하게 하니?,Main Clause | Sub Clause,AutoParsed,generic_concept
L01-02,Listening,I’m happy when I listen to music.,나는 음악을 들을 때 행복해.,G0102,시간의 접속사,when + S + V,하,12,I’m happy when | I listen to music.,나는 음악을 | 들을 때 행복해.,Main Clause | Sub Clause,AutoParsed,generic_concept
L01-03,Listening,I’m glad we can have dinner together.,우리가 함께 저녁을 먹을 수 있어서 기뻐.,G0103,감정의 원인(접속사),be glad (that) + S + V,하,13,I’m glad we | can have dinner together.,우리가 함께 저녁을 | 먹을 수 있어서 기뻐.,Main Clause | Sub Clause,AutoParsed,generic_concept
L01-04,Listening,I’m glad we’re in the same class.,우리가 같은 반이 되어서 기뻐.,G0103,감정의 원인(접속사),be glad (that) + S + V,하,13,I’m glad we’re | in the same class.,우리가 같은 | 반이 되어서 기뻐.,Main Clause | Sub Clause,AutoParsed,generic_concept
L01-05,Listening,I agree with you. The food looks so delicious.,네 말에 동의해. 음식이 정말 맛있어 보여.,G0104,동의 공식 및 감각동사,agree with / look + ADJ,하,13,I agree with you. | The food looks so delicious.,네 말에 동의해. | 음식이 정말 맛있어 보여.,Main Clause | Sub Clause,AutoParsed,generic_concept
L01-06,Listening,You can say that again.,전적으로 동의해. (네 말이 맞아.),G0105,강한 동의 표현,You can say that again,하,14,You can | say that again.,전적으로 동의해. | (네 말이 맞아.),Main Clause | Sub Clause,AutoParsed,generic_concept
L01-07,Listening,I don’t agree with you on that issue.,그 문제에 대해서는 너와 의견이 달라.,G0106,의견 불일치 표현,don't agree with,하,14,I don’t agree with | you on that issue.,그 문제에 대해서는 | 너와 의견이 달라.,Main Clause | Sub Clause,AutoParsed,generic_concept
L01-08,Listening,That red phone case looks nice!,저 빨간색 휴대폰 케이스 멋진데!,G0107,감각동사,look + ADJ,하,15,That red phone | case looks nice!,저 빨간색 | 휴대폰 케이스 멋진데!,Main Clause | Sub Clause,AutoParsed,generic_concept
L01-09,Listening,You can say that again! Mom would love it.,정말 그래! 엄마께서 좋아하실 거야.,G0105,강한 동의 표현,You can say that again,하,15,You can say that | again! Mom would love it.,정말 그래! | 엄마께서 좋아하실 거야.,Main Clause | Sub Clause,AutoParsed,generic_concept
L01-10,Listening,"It costs 40,000 won. That’s so expensive!",4만 원이야. 너무 비싸다!,G0108,가격 및 상태 표현,It costs + 금액,하,15,"It costs 40,000 | won. That’s so expensive!",4만 원이야. | 너무 비싸다!,Main Clause | Sub Clause,AutoParsed,generic_concept
L01-11,Listening,"I don’t agree. Look! It works as a wallet, too.",난 그렇게 생각하지 않아. 봐! 지갑 기능도 하잖아.,G0106,의견 불일치 표현,don't agree,하,15,"I don’t agree. Look! It | works as a wallet, too.",난 그렇게 생각하지 않아. | 봐! 지갑 기능도 하잖아.,Main Clause | Sub Clause,AutoParsed,generic_concept
L01-12,Listening,I’m delighted to buy something special for Mom.,엄마를 위해 특별한 것을 살 수 있어서 기뻐.,G0103,감정의 원인(to부정사),be delighted to + V,하,15,I’m delighted to buy | something special for Mom.,엄마를 위해 특별한 것을 | 살 수 있어서 기뻐.,Main Clause | Sub Clause,AutoParsed,generic_concept
L01-13,Main,Antonio went to different places to support his family by trading.,안토니오는 무역을 통해 가족을 부양하기 위해 여러 장소를 다녔다.,G0111,to부정사의 부사적 용법,to + V (목적),중,16,Antonio went to different places | to support his family by trading.,안토니오는 무역을 통해 가족을 | 부양하기 위해 여러 장소를 다녔다.,Main Clause | Sub Clause,AutoParsed,"has_or_not, verb_of_uncertainty"
L01-14,Main,"One day, he visited a faraway island. There he traded tools for spices.","어느 날, 그는 먼 섬을 방문했다. 그곳에서 그는 도구를 향신료와 맞바꿨다.",G0112,전치사 구문 (trade A for B),trade A for B,하,16,"One day, he visited a faraway | island. There he traded tools for spices.","어느 날, 그는 먼 섬을 | 방문했다. 그곳에서 그는 도구를 향신료와 맞바꿨다.",Main Clause | Sub Clause,AutoParsed,generic_concept
L01-15,Main,"Thanks to Antonio, the islanders could get what they needed.",안토니오 덕분에 섬사람들은 자신들이 필요한 것을 얻을 수 있었다.,G0110,관계대명사 what,what + S + V,중,17,"Thanks to Antonio, the islanders | could get what they needed.",안토니오 덕분에 섬사람들은 자신들이 | 필요한 것을 얻을 수 있었다.,Main Clause | Sub Clause,AutoParsed,generic_concept
L01-16,Main,Antonio was surprised that there were rats in the palace.,안토니오는 궁전에 쥐들이 있는 것을 보고 매우 놀랐다.,G0113,감정의 원인(접속사),be surprised that + S + V,중,17,Antonio was surprised that there | were rats in the palace.,안토니오는 궁전에 쥐들이 있는 | 것을 보고 매우 놀랐다.,Main Clause | Sub Clause,AutoParsed,generic_concept
L01-17,Main,"What the islanders here need is not tools or books, but cats.",여기 섬사람들에게 필요한 것은 도구나 책이 아니라 고양이다.,G0110,관계대명사 what,What + S + V (not A but B),상,17,"What the islanders here need is | not tools or books, but cats.",여기 섬사람들에게 필요한 것은 | 도구나 책이 아니라 고양이다.,Main Clause | Sub Clause,AutoParsed,generic_concept
L01-18,Main,The queen gave Antonio a chest that was filled with jewels.,여왕은 안토니오에게 보석으로 가득 찬 상자를 주었다.,G0114,주격 관계대명사,N + that + V (be filled with),중,18,The queen gave Antonio a | chest that was filled with jewels.,여왕은 안토니오에게 보석으로 | 가득 찬 상자를 주었다.,Main Clause | Sub Clause,AutoParsed,generic_concept
L01-19,Main,"Luigi, the richest merchant, was jealous. “Cats are worthless,” Luigi thought.","가장 부유한 상인인 루이지는 질투가 났다. ""고양이는 가치가 없어""라고 루이지는 생각했다.",G0115,최상급 및 보어,the + richest / ADJ,중,19,"Luigi, the richest merchant, was | jealous. “Cats are worthless,” Luigi thought.","가장 부유한 상인인 루이지는 질투가 | 났다. ""고양이는 가치가 없어""라고 루이지는 생각했다.",Main Clause | Sub Clause,AutoParsed,generic_concept
L01-20,Main,Luigi packed his ship with wonderful paintings. He expected more jewels.,루이지는 배에 멋진 그림들을 실었다. 그는 더 많은 보석을 기대했다.,G0116,동사 구문 (pack A with B),pack A with B,하,19,Luigi packed his ship with | wonderful paintings. He expected more jewels.,루이지는 배에 멋진 그림들을 실었다. | 그는 더 많은 보석을 기대했다.,Main Clause | Sub Clause,AutoParsed,generic_concept
L01-21,Main,"When Luigi opened the box, he was speechless. There was a kitten.","루이지가 상자를 열었을 때, 그는 할 말을 잃었다. 그 안에는 아기 고양이가 있었다.",G0102,시간의 접속사,When + S + V,하,19,"When Luigi opened the box, he | was speechless. There was a kitten.","루이지가 상자를 열었을 때, 그는 할 | 말을 잃었다. 그 안에는 아기 고양이가 있었다.",Main Clause | Sub Clause,AutoParsed,generic_concept
L01-22,Main,Luigi did not return home a richer man. But he was surely a wiser one.,루이지는 더 부유한 사람이 되어 돌아오지는 못했다. 하지만 그는 확실히 더 현명한 사람이 되었다.,G0117,비교급,richer / wiser,중,19,Luigi did not return home a richer | man. But he was surely a wiser one.,루이지는 더 부유한 사람이 되어 돌아오지는 못했다. | 하지만 그는 확실히 더 현명한 사람이 되었다.,Main Clause | Sub Clause,AutoParsed,generic_concept
L01-23,Main,That’s what I want to show you.,그것이 내가 당신에게 보여주고 싶은 것이다.,G0110,관계대명사 what,What + S + V,상,52,That’s what I | want to show you.,그것이 내가 당신에게 | 보여주고 싶은 것이다.,Main Clause | Sub Clause,AutoParsed,generic_concept
L01-24,Main,We often see Plum move in the dark.,우리는 종종 플럼이 어둠 속에서 움직이는 것을 본다.,G0118,5형식 지각동사,see + O + V (원형부정사),상,20,We often see Plum | move in the dark.,우리는 종종 플럼이 어둠 | 속에서 움직이는 것을 본다.,Main Clause | Sub Clause,AutoParsed,generic_concept
L01-25,Reading,What makes you happy?,무엇이 여러분을 행복하게 하나요?,G0101,5형식 사역동사 / 시간 접속사,make + O + OC / when절,하,36-39,What makes | you happy?,무엇이 여러분을 | 행복하게 하나요?,Main Clause | Sub Clause,AutoParsed,generic_concept
L01-26,Reading,Here are the results of our survey on the 100 students of our school.,여기 우리 학교 학생 100명을 대상으로 한 설문 조사 결과가 있습니다.,G0101,5형식 사역동사 / 시간 접속사,make + O + OC / when절,하,36-39,Here are the results of our survey | on the 100 students of our school.,여기 우리 학교 학생 100명을 | 대상으로 한 설문 조사 결과가 있습니다.,Main Clause | Sub Clause,AutoParsed,generic_concept
L01-27,Reading,Most students said they feel happy when they are with their friends.,대부분의 학생은 친구들과 함께 있을 때 행복을 느낀다고 답했습니다.,G0101,5형식 사역동사 / 시간 접속사,make + O + OC / when절,하,36-39,Most students said they feel happy | when they are with their friends.,대부분의 학생은 친구들과 함께 | 있을 때 행복을 느낀다고 답했습니다.,Main Clause | Sub Clause,AutoParsed,generic_concept
L01-28,Reading,I visited a local hospital last Sunday to help children.,나는 지난주 일요일에 아이들을 돕기 위해 지역 병원을 방문했습니다.,G0110,지각동사 / 관계대명사 what,see + O + V-ing / what절,상,45-52,I visited a local hospital | last Sunday to help children.,나는 지난주 일요일에 아이들을 | 돕기 위해 지역 병원을 방문했습니다.,Main Clause | Sub Clause,AutoParsed,generic_concept
L01-29,Reading,"While I was there, I saw some people helping each other.","그곳에 있는 동안, 나는 사람들이 서로 돕고 있는 것을 보았습니다.",G0110,지각동사 / 관계대명사 what,see + O + V-ing / what절,상,45-52,"While I was there, I | saw some people helping each other.","그곳에 있는 동안, 나는 사람들이 | 서로 돕고 있는 것을 보았습니다.",Main Clause | Sub Clause,AutoParsed,generic_concept
L01-30,Reading,That’s what I want to show you today.,그것이 오늘 내가 여러분께 보여드리고 싶은 것입니다.,G0110,지각동사 / 관계대명사 what,see + O + V-ing / what절,상,45-52,That’s what I want | to show you today.,그것이 오늘 내가 | 여러분께 보여드리고 싶은 것입니다.,Main Clause | Sub Clause,AutoParsed,generic_concept
L01-31,Listening,How are you feeling today?,오늘 기분이 어떠니?,G0103,감격/감정 표현하기,be glad to + V,하,12-14,How are | you feeling today?,오늘 | 기분이 어떠니?,Main Clause | Sub Clause,AutoParsed,generic_concept
L01-32,Listening,I’m happier than ever.,그 어느 때보다 행복해.,G0103,감격/감정 표현하기,be glad to + V,하,12-14,I’m happier | than ever.,그 어느 | 때보다 행복해.,Main Clause | Sub Clause,AutoParsed,generic_concept
L01-33,Listening,I finally booked four tickets for the concert!,마침내 콘서트 티켓 4장을 예매했거든!,G0103,감격/감정 표현하기,be glad to + V,하,12-14,I finally booked four | tickets for the concert!,마침내 콘서트 | 티켓 4장을 예매했거든!,Main Clause | Sub Clause,AutoParsed,generic_concept
L01-34,Listening,I’m glad to hear that.,그 소리를 들으니 기쁘구나.,G0103,감격/감정 표현하기,be glad to + V,하,12-14,I’m glad | to hear that.,그 소리를 | 들으니 기쁘구나.,Main Clause | Sub Clause,AutoParsed,generic_concept
L01-35,Listening,I’m looking forward to it.,정말 기대된다.,G0103,감격/감정 표현하기,be glad to + V,하,12-14,I’m looking | forward to it.,정말 | 기대된다.,Main Clause | Sub Clause,AutoParsed,generic_concept
L01-36,Vocabulary,Why did you look so nervous yesterday?,어제 왜 그렇게 긴장한 것처럼 보였니?,G0105,감각동사 / 원인의 접속사,look + ADJ / because절,중,16-18,Why did you | look so nervous yesterday?,어제 왜 그렇게 | 긴장한 것처럼 보였니?,Main Clause | Sub Clause,AutoParsed,generic_concept
L01-37,Vocabulary,I was nervous because I had a big English test.,영어 큰 시험이 있어서 긴장했었어.,G0105,감각동사 / 원인의 접속사,look + ADJ / because절,중,16-18,I was nervous because I | had a big English test.,영어 큰 | 시험이 있어서 긴장했었어.,Main Clause | Sub Clause,AutoParsed,generic_concept
L01-38,Vocabulary,"But it’s over now, so I feel great!","하지만 이제 다 끝났어, 그래서 기분이 정말 좋아!",G0105,감각동사 / 원인의 접속사,look + ADJ / because절,중,16-18,"But it’s over now, | so I feel great!","하지만 이제 다 끝났어, | 그래서 기분이 정말 좋아!",Main Clause | Sub Clause,AutoParsed,generic_concept
L01-039,Extra/Extracted,Listen and Answer +Question   What high school does Sora want to go to?,듣고 답하기 +질문 소라가 가고 싶은 고등학교는 어디인가요?,,to부정사 / 의문사 구문,to + V / Wh-word,중,11,Listen and Answer +Question   What | high school does Sora want to go to?,듣고 답하기 +질문 소라가 | 가고 싶은 고등학교는 어디인가요?,Main Clause | Sub Clause,AutoParsed,generic_concept
L01-040,Extra/Extracted,Dialog 1 Script 1.1 +Question   What do Sora and Oliver say?,Dialog 1 Script 1.1 +질문 소라와 올리버는 뭐라고 말하나요?,,의문사 구문 / 비교급,Wh-word / Comparative,중,11,Dialog 1 Script 1.1 +Question  |  What do Sora and Oliver say?,Dialog 1 Script 1.1 | +질문 소라와 올리버는 뭐라고 말하나요?,Main Clause | Sub Clause,AutoParsed,generic_concept
L01-041,Extra/Extracted,Dialog 2 Script 1.2 I agree with you.,대화 상자 2 스크립트 1.2 나는 당신의 의견에 동의합니다.,,일반 문장,-,중,11,Dialog 2 Script 1.2 | I agree with you.,대화 상자 2 스크립트 | 1.2 나는 당신의 의견에 동의합니다.,Main Clause | Sub Clause,AutoParsed,generic_concept
L01-042,Extra/Extracted,We should do something to (get over stress / prepare for high school).,우리는 (스트레스를 극복하기 위해/고등학교 준비를 하기 위해) 뭔가를 해야 합니다.,,조동사 / 현재분사/동명사,Modal + V / V-ing,중,11,We should do something to (get | over stress / prepare for high school).,우리는 (스트레스를 극복하기 위해/고등학교 준비를 | 하기 위해) 뭔가를 해야 합니다.,Main Clause | Sub Clause,AutoParsed,generic_concept
L01-043,Extra/Extracted,׮1 Listen again and complete.׮3 A phone case and a(n) in one!,׮1 다시 듣고 완성해보세요. ׮3 휴대폰 케이스와 a(n)이 하나로!,,일반 문장,-,중,12,׮1 Listen again and complete.׮3 A | phone case and a(n) in one!,׮1 다시 듣고 완성해보세요. | ׮3 휴대폰 케이스와 a(n)이 하나로!,Main Clause | Sub Clause,AutoParsed,generic_concept
L01-044,Extra/Extracted,I didn’t know you didn’t like the plan.,당신이 그 계획을 좋아하지 않는지 몰랐어요.,,일반 문장,-,중,12,I didn’t know you | didn’t like the plan.,당신이 그 계획을 | 좋아하지 않는지 몰랐어요.,Main Clause | Sub Clause,AutoParsed,generic_concept
L01-045,Extra/Extracted,Script 1.4 All Ears Script 1.3 Listen and say.׮ They visited the store to buy a(n) gift for their 12Lesson 1 What Matters to You?,스크립트 1.4 모든 귀 스크립트 1.3 듣고 말하세요. ׮ 그들은 선물을 사러 가게를 방문했습니다. 12 제 1과 당신에게 중요한 것은 무엇입니까?,,to부정사 / 의문사 구문,to + V / Wh-word,중,10,Script 1.4 All Ears Script 1.3 Listen and say.׮ They visited the | store to buy a(n) gift for their 12Lesson 1 What Matters to You?,스크립트 1.4 모든 귀 스크립트 1.3 듣고 말하세요. ׮ 그들은 | 선물을 사러 가게를 방문했습니다. 12 제 1과 당신에게 중요한 것은 무엇입니까?,Main Clause | Sub Clause,AutoParsed,"has_or_not, verb_of_uncertainty"
L01-046,Extra/Extracted,B You’re going to the zoo?,B 동물원에 갈 거야?,,to부정사 / 현재분사/동명사,to + V / V-ing,중,13,B You’re going | to the zoo?,B 동물원에 | 갈 거야?,Main Clause | Sub Clause,AutoParsed,generic_concept
L01-047,Extra/Extracted,A I’m really worried I can’t find my student card.,A 학생증을 찾을 수 없어서 정말 걱정이에요.,,조동사,Modal + V,중,13,A I’m really worried I | can’t find my student card.,A 학생증을 찾을 | 수 없어서 정말 걱정이에요.,Main Clause | Sub Clause,AutoParsed,generic_concept
L01-048,Extra/Extracted,B You can make another one.,B 하나 더 만들어도 돼.,,조동사 / 비교급,Modal + V / Comparative,중,13,B You can | make another one.,B 하나 | 더 만들어도 돼.,Main Clause | Sub Clause,AutoParsed,generic_concept
L01-049,Extra/Extracted,Don’t take it so hard.,너무 힘들게 받아들이지 마세요.,,일반 문장,-,중,13,Don’t take | it so hard.,너무 힘들게 | 받아들이지 마세요.,Main Clause | Sub Clause,AutoParsed,generic_concept
L01-050,Extra/Extracted,I’m Glad I Can Wear My New Raincoat Get ready.,새 비옷을 입을 수 있어서 기뻐요 준비하세요.,,조동사,Modal + V,중,13,I’m Glad I Can Wear | My New Raincoat Get ready.,새 비옷을 입을 | 수 있어서 기뻐요 준비하세요.,Main Clause | Sub Clause,AutoParsed,generic_concept
L01-051,Extra/Extracted,՜ Talk in pairs.׮2 Did you hear the weather report?,Ҝ 둘씩 짝을 지어 대화하세요. ׮2 일기 예보를 들었나요?,,비교급 / 지각동사,Comparative / see/hear + O + V(ing),중,13,՜ Talk in pairs.׮2 Did | you hear the weather report?,Ҝ 둘씩 짝을 지어 | 대화하세요. ׮2 일기 예보를 들었나요?,Main Clause | Sub Clause,AutoParsed,generic_concept
L01-052,Extra/Extracted,It's going to rain all day long.,하루 종일 비가 내릴 예정입니다.,,to부정사 / 현재분사/동명사,to + V / V-ing,중,13,It's going to | rain all day long.,하루 종일 | 비가 내릴 예정입니다.,Main Clause | Sub Clause,AutoParsed,generic_concept
L01-053,Extra/Extracted,wear my new raincoat play soccer sell my umbrellas walk my dog Rap Time 4QFBLCommunicate: 14   Lesson 1 What Matters to You?,새 비옷 입기 축구하기 우산 팔기 강아지 산책시키기 랩 타임 4QFBL소통하기: 14 제 1과 당신에게 무엇이 중요합니까?,,to부정사 / 의문사 구문,to + V / Wh-word,중,10,wear my new raincoat play soccer sell my umbrellas walk my dog | Rap Time 4QFBLCommunicate: 14   Lesson 1 What Matters to You?,새 비옷 입기 축구하기 우산 팔기 강아지 산책시키기 | 랩 타임 4QFBL소통하기: 14 제 1과 당신에게 무엇이 중요합니까?,Main Clause | Sub Clause,AutoParsed,generic_concept
L01-054,Extra/Extracted,׮1 A That man looks just like Ben.,׮1 A 저 남자는 벤과 꼭 닮았어요.,,접속사/관계대명사 that,that + S + V / N + that,중,14,׮1 A That man | looks just like Ben.,׮1 A 저 | 남자는 벤과 꼭 닮았어요.,Main Clause | Sub Clause,AutoParsed,generic_concept
L01-055,Extra/Extracted,A I think I have time to eat a snack.,A 간식을 먹을 시간이 있는 것 같아요.,,to부정사 / 사역동사,to + V / make/have/let + O + V,중,14,A I think I have | time to eat a snack.,A 간식을 먹을 | 시간이 있는 것 같아요.,Main Clause | Sub Clause,AutoParsed,generic_concept
L01-056,Extra/Extracted,You must hurry to go back.,서둘러 돌아가야 합니다.,,to부정사 / 조동사,to + V / Modal + V,중,14,You must hurry | to go back.,서둘러 | 돌아가야 합니다.,Main Clause | Sub Clause,AutoParsed,generic_concept
L01-057,Extra/Extracted,Talk in groups.׮2 I think the most boring day of the week is Monday.,그룹별로 이야기를 나누세요. ׮2 일주일 중 가장 지루한 날은 월요일인 것 같아요.,,현재분사/동명사 / 최상급,V-ing / Superlative,중,14,Talk in groups.׮2 I think the most | boring day of the week is Monday.,그룹별로 이야기를 나누세요. ׮2 일주일 중 | 가장 지루한 날은 월요일인 것 같아요.,Main Clause | Sub Clause,AutoParsed,generic_concept
L01-058,Extra/Extracted,We have all the difficult subjects on Thursday.,목요일에는 어려운 과목이 다 있어요.,,사역동사,make/have/let + O + V,중,14,We have all the | difficult subjects on Thursday.,목요일에는 어려운 | 과목이 다 있어요.,Main Clause | Sub Clause,AutoParsed,"has_or_not, verb_of_uncertainty"
L01-059,Extra/Extracted,Teens should sleep hours a day.,십대들은 하루에 몇 시간씩 자야 합니다.,,조동사,Modal + V,중,14,Teens should sleep | hours a day.,십대들은 하루에 몇 | 시간씩 자야 합니다.,Main Clause | Sub Clause,AutoParsed,generic_concept
L01-060,Extra/Extracted,Teens should not too much.,십대는 너무 많이해서는 안됩니다.,,조동사,Modal + V,중,14,Teens should | not too much.,십대는 너무 | 많이해서는 안됩니다.,Main Clause | Sub Clause,AutoParsed,generic_concept
L01-061,Extra/Extracted,The most boring day of the week is The most popular K-pop star is .,일주일 중 가장 지루한 날은 가장 인기 있는 K팝 스타이다.,,현재분사/동명사 / 최상급,V-ing / Superlative,중,14,The most boring day of the week | is The most popular K-pop star is .,일주일 중 가장 지루한 날은 | 가장 인기 있는 K팝 스타이다.,Main Clause | Sub Clause,AutoParsed,generic_concept
L01-062,Extra/Extracted,Parents should give us won a week for allowance.,부모님은 우리에게 용돈으로 일주일에 만원을 주셔야 합니다.,,조동사,Modal + V,중,14,Parents should give us | won a week for allowance.,부모님은 우리에게 용돈으로 | 일주일에 만원을 주셔야 합니다.,Main Clause | Sub Clause,AutoParsed,generic_concept
L01-063,Extra/Extracted,Thursday is the most boring.,목요일이 가장 지루해요.,,현재분사/동명사 / 최상급,V-ing / Superlative,중,14,Thursday is | the most boring.,목요일이 | 가장 지루해요.,Main Clause | Sub Clause,AutoParsed,generic_concept
L01-064,Extra/Extracted,"We think the greatest inventions are cell phones, clocks, and cars.","우리는 최고의 발명품이 휴대폰, 시계, 자동차라고 생각합니다.",,최상급,Superlative,중,15,"We think the greatest inventions | are cell phones, clocks, and cars.","우리는 최고의 발명품이 | 휴대폰, 시계, 자동차라고 생각합니다.",Main Clause | Sub Clause,AutoParsed,generic_concept
L01-065,Extra/Extracted,"Cell phones help us talk to friends, take pictures, and do many other things.","휴대폰은 우리가 친구들과 이야기하고, 사진을 찍고, 그 외 많은 일을 하는 데 도움이 됩니다.",,to부정사 / 비교급,to + V / Comparative,중,15,"Cell phones help us talk to friends, | take pictures, and do many other things.","휴대폰은 우리가 친구들과 이야기하고, 사진을 찍고, 그 | 외 많은 일을 하는 데 도움이 됩니다.",Main Clause | Sub Clause,AutoParsed,generic_concept
L01-066,Extra/Extracted,Present and share.׮ Step Think and talk.׮Step What is the greatest invention in history?,발표하고 공유하세요. ׮ 단계 생각하고 이야기하세요. ׮단계 역사상 가장 위대한 발명품은 무엇인가요?,,의문사 구문 / 최상급,Wh-word / Superlative,중,15,Present and share.׮ Step Think and talk.׮Step | What is the greatest invention in history?,발표하고 공유하세요. ׮ 단계 생각하고 이야기하세요. | ׮단계 역사상 가장 위대한 발명품은 무엇인가요?,Main Clause | Sub Clause,AutoParsed,generic_concept
L01-067,Extra/Extracted,We can’t tell the time without it.,그것 없이는 시간을 알 수 없습니다.,,조동사,Modal + V,중,15,We can’t tell | the time without it.,그것 없이는 시간을 | 알 수 없습니다.,Main Clause | Sub Clause,AutoParsed,generic_concept
L01-068,Extra/Extracted,I don’t really agree with you.,나는 정말로 당신의 의견에 동의하지 않습니다.,,일반 문장,-,중,15,I don’t really | agree with you.,나는 정말로 당신의 | 의견에 동의하지 않습니다.,Main Clause | Sub Clause,AutoParsed,generic_concept
L01-069,Extra/Extracted,I think the cell phone is the greatest invention.,나는 휴대폰이 최고의 발명품이라고 생각한다.,,최상급,Superlative,중,15,I think the cell | phone is the greatest invention.,나는 휴대폰이 | 최고의 발명품이라고 생각한다.,Main Clause | Sub Clause,AutoParsed,generic_concept
L01-070,Extra/Extracted,"With it, we can talk to friends, ....",그것으로 우리는 친구들과 이야기를 나눌 수 있습니다 ....,,to부정사 / 조동사,to + V / Modal + V,중,15,"With it, we can | talk to friends, ....",그것으로 우리는 친구들과 이야기를 | 나눌 수 있습니다 ....,Main Clause | Sub Clause,AutoParsed,generic_concept
L01-071,Extra/Extracted,Listen and match.׮Step Script 1.5 16   Lesson 1 What Matters to You?,듣고 연결하십시오. ׮Step Script 1.5 16 제 1과 무엇이 당신에게 중요합니까?,,to부정사 / 의문사 구문,to + V / Wh-word,중,10,Listen and match.׮Step Script 1.5 16  |  Lesson 1 What Matters to You?,듣고 연결하십시오. ׮Step Script 1.5 | 16 제 1과 무엇이 당신에게 중요합니까?,Main Clause | Sub Clause,AutoParsed,generic_concept
L01-072,Extra/Extracted,"His name was Antonio, and he went to different places to support his family by trading.","그의 이름은 안토니오(Antonio)였고, 장사로 가족을 부양하기 위해 여러 곳으로 갔습니다.",,to부정사 / 현재분사/동명사,to + V / V-ing,중,17,"His name was Antonio, and he went to | different places to support his family by trading.","그의 이름은 안토니오(Antonio)였고, 장사로 가족을 | 부양하기 위해 여러 곳으로 갔습니다.",Main Clause | Sub Clause,AutoParsed,"has_or_not, verb_of_uncertainty"
L01-073,Extra/Extracted,"One day, he filled his ship with goods and visited a faraway island.",어느 날 그는 배에 물건을 가득 채우고 머나먼 섬을 방문했습니다.,,일반 문장,-,중,17,"One day, he filled his ship | with goods and visited a faraway island.",어느 날 그는 배에 물건을 | 가득 채우고 머나먼 섬을 방문했습니다.,Main Clause | Sub Clause,AutoParsed,generic_concept
L01-074,Extra/Extracted,Th  ere he traded tools for spices and books for nuts.,"그곳에서 그는 도구를 향신료로, 책을 견과류로 교환했습니다.",,일반 문장,-,중,,Th  ere he traded tools | for spices and books for nuts.,"그곳에서 그는 도구를 | 향신료로, 책을 견과류로 교환했습니다.",Main Clause | Sub Clause,AutoParsed,generic_concept
L01-075,Extra/Extracted,"One night, Antonio had dinner with the island’s queen at her palace.","어느 날 밤, 안토니오는 섬의 여왕과 함께 그녀의 궁전에서 저녁 식사를 했습니다.",,비교급,Comparative,중,17,"One night, Antonio had dinner with | the island’s queen at her palace.","어느 날 밤, 안토니오는 섬의 여왕과 | 함께 그녀의 궁전에서 저녁 식사를 했습니다.",Main Clause | Sub Clause,AutoParsed,generic_concept
L01-076,Extra/Extracted,"When dinner was served, rats appeared, and some servants chased them away with sticks.","저녁 식사가 나오자 쥐들이 나타났고, 일부 하인들은 막대기를 들고 쥐들을 쫓아냈습니다.",,시간의 접속사 / 수동태,When/While + S + V / be + p.p.,중,17,"When dinner was served, rats appeared, and | some servants chased them away with sticks.","저녁 식사가 나오자 쥐들이 나타났고, | 일부 하인들은 막대기를 들고 쥐들을 쫓아냈습니다.",Main Clause | Sub Clause,AutoParsed,generic_concept
L01-077,Extra/Extracted,"He asked, “ Are there no cats on this island?” Th  e queen looked puzzled.",그는 “이 섬에는 고양이가 없나요?”라고 물었다. 여왕은 어리둥절한 표정을 지었습니다.,,일반 문장,-,중,,"He asked, “ Are there no cats on | this island?” Th  e queen looked puzzled.",그는 “이 섬에는 고양이가 없나요?”라고 | 물었다. 여왕은 어리둥절한 표정을 지었습니다.,Main Clause | Sub Clause,AutoParsed,generic_concept
L01-078,Extra/Extracted,“What is a cat?” she asked.,“고양이란 무엇인가요?” 그녀가 물었다.,,의문사 구문,Wh-word,중,18,“What is a | cat?” she asked.,“고양이란 무엇인가요?” | 그녀가 물었다.,Main Clause | Sub Clause,AutoParsed,generic_concept
L01-079,Extra/Extracted,” He brought two cats from his ship and let them run free.,” 그는 배에서 고양이 두 마리를 데리고 와서 자유롭게 뛰게 했습니다.,,사역동사,make/have/let + O + V,중,,” He brought two cats from | his ship and let them run free.,” 그는 배에서 고양이 두 | 마리를 데리고 와서 자유롭게 뛰게 했습니다.,Main Clause | Sub Clause,AutoParsed,generic_concept
L01-080,Extra/Extracted,“What amazing animals!” cried the queen when she saw all the rats run away.,“정말 놀라운 동물이네요!” 여왕은 쥐들이 모두 도망가는 것을 보고 소리쳤어요.,,시간의 접속사 / 의문사 구문,When/While + S + V / Wh-word,중,23,“What amazing animals!” cried the queen when | she saw all the rats run away.,“정말 놀라운 동물이네요!” 여왕은 쥐들이 | 모두 도망가는 것을 보고 소리쳤어요.,Main Clause | Sub Clause,AutoParsed,generic_concept
L01-081,Extra/Extracted,She gave Antonio a chest that was filled with jewels.,그녀는 안토니오에게 보석이 가득 담긴 상자를 선물했습니다.,,수동태 / 접속사/관계대명사 that,be + p.p. / that + S + V / N + that,중,18,She gave Antonio a chest | that was filled with jewels.,그녀는 안토니오에게 보석이 | 가득 담긴 상자를 선물했습니다.,Main Clause | Sub Clause,AutoParsed,generic_concept
L01-082,Extra/Extracted,"Back in Italy, Antonio told his friends about his good fortune.",이탈리아로 돌아온 안토니오는 친구들에게 자신의 행운에 대해 이야기했습니다.,,일반 문장,-,중,19,"Back in Italy, Antonio told | his friends about his good fortune.",이탈리아로 돌아온 안토니오는 친구들에게 | 자신의 행운에 대해 이야기했습니다.,Main Clause | Sub Clause,AutoParsed,generic_concept
L01-083,Extra/Extracted,"Luigi, the richest merchant in Genoa, heard the story and was jealous.",제노아에서 가장 부유한 상인 루이지는 이 이야기를 듣고 질투했습니다.,,최상급,Superlative,중,,"Luigi, the richest merchant in Genoa, | heard the story and was jealous.",제노아에서 가장 부유한 상인 | 루이지는 이 이야기를 듣고 질투했습니다.,Main Clause | Sub Clause,AutoParsed,generic_concept
L01-084,Extra/Extracted,“I’ll bring the queen what is really valuable.,“정말 귀중한 것을 여왕님께 가져오겠습니다.,,의문사 구문 / 현재분사/동명사,Wh-word / V-ing,중,19,“I’ll bring the queen | what is really valuable.,“정말 귀중한 | 것을 여왕님께 가져오겠습니다.,Main Clause | Sub Clause,AutoParsed,generic_concept
L01-085,Extra/Extracted,I’m sure that the queen will give me more jewels.,나는 여왕이 나에게 더 많은 보석을 줄 것이라고 확신합니다.,,접속사/관계대명사 that / 조동사,that + S + V / N + that / Modal + V,중,19,I’m sure that the queen | will give me more jewels.,나는 여왕이 나에게 더 | 많은 보석을 줄 것이라고 확신합니다.,Main Clause | Sub Clause,AutoParsed,generic_concept
L01-086,Extra/Extracted,” Luigi packed his ship with wonderful paintings and other works of art.,” Luigi는 멋진 그림과 기타 예술 작품으로 배를 포장했습니다.,,비교급,Comparative,중,19,” Luigi packed his ship with | wonderful paintings and other works of art.,” Luigi는 멋진 그림과 | 기타 예술 작품으로 배를 포장했습니다.,Main Clause | Sub Clause,AutoParsed,generic_concept
L01-087,Extra/Extracted,He took the gifts to the island.,그는 선물을 섬으로 가져갔습니다.,,to부정사,to + V,중,19,He took the | gifts to the island.,그는 선물을 | 섬으로 가져갔습니다.,Main Clause | Sub Clause,AutoParsed,"has_or_not, verb_of_uncertainty"
L01-088,Extra/Extracted,"To get a chance to meet the queen, he told the islanders a lie that he was a good friend of Antonio’s.",그는 여왕을 만날 기회를 얻기 위해 섬 주민들에게 자신이 안토니오의 좋은 친구라고 거짓말을 했습니다.,,to부정사 / 접속사/관계대명사 that,to + V / that + S + V / N + that,중,,"To get a chance to meet the queen, he told the | islanders a lie that he was a good friend of Antonio’s.",그는 여왕을 만날 기회를 얻기 위해 섬 | 주민들에게 자신이 안토니오의 좋은 친구라고 거짓말을 했습니다.,Main Clause | Sub Clause,AutoParsed,generic_concept
L01-089,Extra/Extracted,"When the queen heard about Luigi, she invited him to her palace for dinner.",여왕은 루이지에 대한 소식을 듣고 그를 자신의 궁전으로 저녁 식사에 초대했습니다.,,시간의 접속사 / to부정사,When/While + S + V / to + V,중,,"When the queen heard about Luigi, she | invited him to her palace for dinner.",여왕은 루이지에 대한 소식을 듣고 | 그를 자신의 궁전으로 저녁 식사에 초대했습니다.,Main Clause | Sub Clause,AutoParsed,generic_concept
L01-090,Extra/Extracted,Before 20   Lesson 1 What Matters to You?,20과 1 이전 당신에게 중요한 것은 무엇입니까?,,시간의 접속사 / to부정사,When/While + S + V / to + V,중,10,Before 20   Lesson | 1 What Matters to You?,20과 1 이전 | 당신에게 중요한 것은 무엇입니까?,Main Clause | Sub Clause,AutoParsed,generic_concept
L01-091,Extra/Extracted,"“I’ll repay you with a priceless gift, ” said the queen.",“귀중한 선물로 보답하겠습니다.” 여왕이 말했습니다.,,일반 문장,-,중,20,"“I’ll repay you with a | priceless gift, ” said the queen.",“귀중한 선물로 | 보답하겠습니다.” 여왕이 말했습니다.,Main Clause | Sub Clause,AutoParsed,"has_or_not, verb_of_uncertainty"
L01-092,Extra/Extracted,Luigi watched the queen whisper in a servant’s ear.,루이지는 여왕이 하인의 귀에 속삭이는 것을 지켜보았습니다.,,비교급,Comparative,중,20,Luigi watched the queen | whisper in a servant’s ear.,루이지는 여왕이 하인의 | 귀에 속삭이는 것을 지켜보았습니다.,Main Clause | Sub Clause,AutoParsed,generic_concept
L01-093,Extra/Extracted,He became excited and hopeful.,그는 흥분되고 희망적이 되었습니다.,,일반 문장,-,중,,He became | excited and hopeful.,그는 흥분되고 | 희망적이 되었습니다.,Main Clause | Sub Clause,AutoParsed,generic_concept
L01-094,Extra/Extracted,He was sure that he would receive more jewels than Antonio.,그는 자신이 안토니오보다 더 많은 보석을 받게 될 것이라고 확신했습니다.,,접속사/관계대명사 that / 조동사,that + S + V / N + that / Modal + V,중,,He was sure that he | would receive more jewels than Antonio.,그는 자신이 안토니오보다 더 많은 | 보석을 받게 될 것이라고 확신했습니다.,Main Clause | Sub Clause,AutoParsed,generic_concept
L01-095,Extra/Extracted,"After a while, the servant returned with a box, and the queen presented it to Luigi.","잠시 후 하인이 상자를 가지고 돌아왔고, 왕비는 그것을 루이지에게 선물했습니다.",,시간의 접속사 / to부정사,When/While + S + V / to + V,중,20,"After a while, the servant returned with a | box, and the queen presented it to Luigi.","잠시 후 하인이 상자를 가지고 | 돌아왔고, 왕비는 그것을 루이지에게 선물했습니다.",Main Clause | Sub Clause,AutoParsed,generic_concept
L01-096,Extra/Extracted,"“ Antonio gave us the priceless cats, and we now have some kittens, ” said the queen.","여왕은 ""안토니오는 우리에게 귀중한 고양이를 주었고 이제 새끼 고양이도 몇 마리 키우고 있습니다""라고 말했습니다.",,사역동사,make/have/let + O + V,중,,"“ Antonio gave us the priceless cats, and | we now have some kittens, ” said the queen.","여왕은 ""안토니오는 우리에게 귀중한 고양이를 주었고 이제 | 새끼 고양이도 몇 마리 키우고 있습니다""라고 말했습니다.",Main Clause | Sub Clause,AutoParsed,generic_concept
L01-097,Extra/Extracted,"“In return for the wonderful gifts you gave us, we want to give you what is most valuable to us.",“당신이 우리에게 주신 훌륭한 선물에 대한 보답으로 우리는 우리에게 가장 가치 있는 것을 당신에게 주고 싶습니다.,,to부정사 / 의문사 구문,to + V / Wh-word,중,21,"“In return for the wonderful gifts you gave us, we | want to give you what is most valuable to us.",“당신이 우리에게 주신 훌륭한 선물에 대한 보답으로 우리는 | 우리에게 가장 가치 있는 것을 당신에게 주고 싶습니다.,Main Clause | Sub Clause,AutoParsed,"has_or_not, verb_of_uncertainty"
L01-098,Extra/Extracted,” 22   Lesson 1 What Matters to You?,” 22 제1과 당신에게 무엇이 중요합니까?,,to부정사 / 의문사 구문,to + V / Wh-word,중,10,” 22   Lesson | 1 What Matters to You?,” 22 제1과 | 당신에게 무엇이 중요합니까?,Main Clause | Sub Clause,AutoParsed,generic_concept
L01-099,Extra/Extracted,He tried to look pleased with the gift.,그는 선물에 만족한 표정을 지으려고 노력했습니다.,,to부정사,to + V,중,22,He tried to look | pleased with the gift.,그는 선물에 만족한 | 표정을 지으려고 노력했습니다.,Main Clause | Sub Clause,AutoParsed,"has_or_not, verb_of_uncertainty"
L01-100,Extra/Extracted,He knew that was the right thing to do.,그는 그것이 옳은 일이라는 것을 알았습니다.,,to부정사 / 접속사/관계대명사 that,to + V / that + S + V / N + that,중,22,He knew that was | the right thing to do.,그는 그것이 옳은 | 일이라는 것을 알았습니다.,Main Clause | Sub Clause,AutoParsed,generic_concept
L01-101,Extra/Extracted,"Adapted from Priceless Gifts: A Folktale from Italy (Martha Hamilton and Mitch Weiss, 2007) Q4 Luigi became richer after his trip to the island.","Priceless Gifts: A Folktale from Italy(Martha Hamilton 및 Mitch Weiss, 2007)에서 각색됨 Q4 Luigi는 섬을 여행한 후 더욱 부자가 되었습니다.",,시간의 접속사 / to부정사,When/While + S + V / to + V,중,22,"Adapted from Priceless Gifts: A Folktale from Italy (Martha Hamilton and Mitch | Weiss, 2007) Q4 Luigi became richer after his trip to the island.","Priceless Gifts: A Folktale from Italy(Martha Hamilton 및 Mitch Weiss, | 2007)에서 각색됨 Q4 Luigi는 섬을 여행한 후 더욱 부자가 되었습니다.",Main Clause | Sub Clause,AutoParsed,"has_or_not, verb_of_uncertainty"
L01-102,Extra/Extracted,The queen thanked him with He gave to the queen and made the rats run away.,여왕은 그에게 감사 인사를 전하고 쥐들을 도망치게 했습니다.,,to부정사,to + V,중,23,The queen thanked him with He gave to | the queen and made the rats run away.,여왕은 그에게 감사 인사를 | 전하고 쥐들을 도망치게 했습니다.,Main Clause | Sub Clause,AutoParsed,generic_concept
L01-103,Extra/Extracted,The queen He gave expensive gifts to the Luigi heard about Antonio’s good fortune.,루이지에게 값비싼 선물을 준 여왕은 안토니오의 행운에 대해 들었다.,,to부정사,to + V,중,23,The queen He gave expensive gifts to | the Luigi heard about Antonio’s good fortune.,루이지에게 값비싼 선물을 준 | 여왕은 안토니오의 행운에 대해 들었다.,Main Clause | Sub Clause,AutoParsed,"has_or_not, verb_of_uncertainty"
L01-104,Extra/Extracted,After You Read Connect to Writing A farmer presented a big carrot to the head of his village.,읽은 후 글쓰기에 연결하세요. 한 농부가 마을 이장에게 큰 당근을 선물했습니다.,,시간의 접속사 / to부정사,When/While + S + V / to + V,중,23,After You Read Connect to Writing A farmer presented | a big carrot to the head of his village.,읽은 후 글쓰기에 연결하세요. 한 | 농부가 마을 이장에게 큰 당근을 선물했습니다.,Main Clause | Sub Clause,AutoParsed,generic_concept
L01-105,Extra/Extracted,He received a horse in return.,그는 그 대가로 말을 받았습니다.,,일반 문장,-,중,23,He received a | horse in return.,그는 그 | 대가로 말을 받았습니다.,Main Clause | Sub Clause,AutoParsed,generic_concept
L01-106,Extra/Extracted,One of his friends got jealous and presented a horse to him.,그의 친구 중 한 명이 질투하여 그에게 말을 선물했습니다.,,to부정사,to + V,중,23,One of his friends got jealous | and presented a horse to him.,그의 친구 중 한 | 명이 질투하여 그에게 말을 선물했습니다.,Main Clause | Sub Clause,AutoParsed,generic_concept
L01-107,Extra/Extracted,Details ׮ 1    I became richer because I gave the queen what she needed most.,세부 사항 ׮ 1 나는 여왕에게 가장 필요한 것을 주었기 때문에 더 부자가 되었습니다.,,이유의 접속사 / 의문사 구문,Because/Since + S + V / Wh-word,중,23,Details ׮ 1    I became richer | because I gave the queen what she needed most.,세부 사항 ׮ 1 나는 여왕에게 가장 | 필요한 것을 주었기 때문에 더 부자가 되었습니다.,Main Clause | Sub Clause,AutoParsed,generic_concept
L01-108,Extra/Extracted,"2    To me, cats are the most valuable in the whole world.",2 나에게 고양이는 세상에서 가장 소중한 존재이다.,,to부정사 / 최상급,to + V / Superlative,중,23,"2    To me, cats | are the most valuable in the whole world.",2 나에게 고양이는 | 세상에서 가장 소중한 존재이다.,Main Clause | Sub Clause,AutoParsed,generic_concept
L01-109,Extra/Extracted,3    My trip to the island really helped me become wiser.,3 그 섬으로의 여행은 내가 더 현명해지는 데 정말로 도움이 되었다.,,to부정사 / 비교급,to + V / Comparative,중,23,3    My trip to | the island really helped me become wiser.,3 그 섬으로의 여행은 내가 | 더 현명해지는 데 정말로 도움이 되었다.,Main Clause | Sub Clause,AutoParsed,generic_concept
L01-110,Extra/Extracted,24   Lesson 1 What Matters to You?,24 제 1과 당신에게 무엇이 중요합니까?,,to부정사 / 의문사 구문,to + V / Wh-word,중,10,24   Lesson | 1 What Matters to You?,24 제 1과 | 당신에게 무엇이 중요합니까?,Main Clause | Sub Clause,AutoParsed,generic_concept
L01-111,Extra/Extracted,"You are now a writer, aren’t you?","당신은 이제 작가가 되었군요, 그렇죠?",,비교급,Comparative,중,24,"You are now | a writer, aren’t you?","당신은 이제 | 작가가 되었군요, 그렇죠?",Main Clause | Sub Clause,AutoParsed,generic_concept
L01-112,Extra/Extracted,I have included two things in the time capsule f or y ou.,나는 당신을 위한 타임캡슐에 두 가지를 담았습니다.,,완료시제 / 사역동사,have + p.p. / make/have/let + O + V,중,24,I have included two things in | the time capsule f or y ou.,나는 당신을 위한 | 타임캡슐에 두 가지를 담았습니다.,Main Clause | Sub Clause,AutoParsed,generic_concept
L01-113,Extra/Extracted,The f irst thing is a pair of basketball shoes.,첫 번째는 농구화입니다.,,현재분사/동명사,V-ing,중,,The f irst thing is | a pair of basketball shoes.,첫 | 번째는 농구화입니다.,Main Clause | Sub Clause,AutoParsed,generic_concept
L01-114,Extra/Extracted,They helped me make many friends in the basketball club.,그들은 내가 농구부에서 많은 친구를 사귀는 데 도움을 주었습니다.,,사역동사,make/have/let + O + V,중,,They helped me make many | friends in the basketball club.,그들은 내가 농구부에서 많은 | 친구를 사귀는 데 도움을 주었습니다.,Main Clause | Sub Clause,AutoParsed,generic_concept
L01-115,Extra/Extracted,The other thing is my favorite book.,또 하나는 내가 가장 좋아하는 책이다.,,현재분사/동명사 / 비교급,V-ing / Comparative,중,24,The other thing | is my favorite book.,또 하나는 내가 | 가장 좋아하는 책이다.,Main Clause | Sub Clause,AutoParsed,generic_concept
L01-116,Extra/Extracted,I wanted to become a writer after I read it.,이 책을 읽고 나서 작가가 되고 싶었어요.,,시간의 접속사 / to부정사,When/While + S + V / to + V,중,24,I wanted to become a | writer after I read it.,이 책을 읽고 | 나서 작가가 되고 싶었어요.,Main Clause | Sub Clause,AutoParsed,generic_concept
L01-117,Extra/Extracted,I hope these things will bring back happy memories of your middle school days.,이 일들이 여러분의 중학교 시절의 행복한 추억을 되새기게 되기를 바랍니다.,,조동사 / 현재분사/동명사,Modal + V / V-ing,중,24,I hope these things will bring back | happy memories of your middle school days.,이 일들이 여러분의 중학교 시절의 | 행복한 추억을 되새기게 되기를 바랍니다.,Main Clause | Sub Clause,AutoParsed,generic_concept
L01-118,Extra/Extracted,They didn’t tell me what I wanted to know.,그들은 내가 알고 싶은 것을 말해주지 않았습니다.,,to부정사 / 의문사 구문,to + V / Wh-word,중,25,They didn’t tell me | what I wanted to know.,그들은 내가 알고 | 싶은 것을 말해주지 않았습니다.,Main Clause | Sub Clause,AutoParsed,generic_concept
L01-119,Extra/Extracted,Keeping your word is is most important.,약속을 지키는 것이 가장 중요합니다.,,현재분사/동명사 / 최상급,V-ing / Superlative,중,25,Keeping your word | is is most important.,약속을 지키는 | 것이 가장 중요합니다.,Main Clause | Sub Clause,AutoParsed,generic_concept
L01-120,Extra/Extracted,saw Mom come into my room.,엄마가 내 방에 들어오는 걸 봤어.,,일반 문장,-,중,25,saw Mom come | into my room.,엄마가 내 방에 | 들어오는 걸 봤어.,Main Clause | Sub Clause,AutoParsed,generic_concept
L01-121,Extra/Extracted,heard whisper something.,뭔가 속삭이는 소리가 들렸다.,,현재분사/동명사 / 비교급,V-ing / Comparative,중,25,heard | whisper something.,뭔가 속삭이는 | 소리가 들렸다.,Main Clause | Sub Clause,AutoParsed,generic_concept
L01-122,Extra/Extracted,felt touch my hand.,내 손에 닿는 느낌이 들었다.,,일반 문장,-,중,25,felt touch | my hand.,내 손에 | 닿는 느낌이 들었다.,Main Clause | Sub Clause,AutoParsed,generic_concept
L01-123,Extra/Extracted,Jones talk on the phone.,존스는 전화통화를 하고 있다.,,일반 문장,-,중,25,Jones talk | on the phone.,존스는 전화통화를 | 하고 있다.,Main Clause | Sub Clause,AutoParsed,generic_concept
L01-124,Extra/Extracted,"saw feltheard .T .JMMFS .S  +POFT .T +POFT 5SBDZ ""MFY What I want to eat now is what I usually do in my free time.","sawfeldheard .T .JMMFS .S +POFT .T +POFT 5SBDZ ""MFY 지금 먹고 싶은 것은 주로 여가 시간에 하는 것입니다.",,to부정사 / 의문사 구문,to + V / Wh-word,중,25,"saw feltheard .T .JMMFS .S  +POFT .T +POFT 5SBDZ ""MFY What I | want to eat now is what I usually do in my free time.","sawfeldheard .T .JMMFS .S +POFT .T +POFT 5SBDZ ""MFY | 지금 먹고 싶은 것은 주로 여가 시간에 하는 것입니다.",Main Clause | Sub Clause,AutoParsed,generic_concept
L01-125,Extra/Extracted,I will never forget what What I want to eat now is gimbap .,지금 먹고 싶은 것은 김밥 입니다.,,to부정사 / 의문사 구문,to + V / Wh-word,중,,I will never forget what What I | want to eat now is gimbap .,지금 먹고 싶은 | 것은 김밥 입니다.,Main Clause | Sub Clause,AutoParsed,generic_concept
L01-126,Extra/Extracted,I will never forget what you told me.,나는 당신이 나에게 말한 것을 결코 잊지 않을 것입니다.,,의문사 구문 / 조동사,Wh-word / Modal + V,중,,I will never forget | what you told me.,나는 당신이 나에게 말한 | 것을 결코 잊지 않을 것입니다.,Main Clause | Sub Clause,AutoParsed,generic_concept
L01-127,Extra/Extracted,Hiking is what I usually do in my free time.,하이킹은 내가 여가 시간에 주로 하는 일이다.,,의문사 구문 / 현재분사/동명사,Wh-word / V-ing,중,25,Hiking is what I usually | do in my free time.,하이킹은 내가 여가 | 시간에 주로 하는 일이다.,Main Clause | Sub Clause,AutoParsed,generic_concept
L01-128,Extra/Extracted,26   Lesson 1 What Matters to You?,26 제 1과 당신에게 무엇이 중요합니까?,,to부정사 / 의문사 구문,to + V / Wh-word,중,10,26   Lesson | 1 What Matters to You?,26 제 1과 | 당신에게 무엇이 중요합니까?,Main Clause | Sub Clause,AutoParsed,generic_concept
L01-129,Extra/Extracted,But he was and often forgot to close the cage.,그러나 그는 새장을 닫는 것을 자주 잊어버렸습니다.,,to부정사,to + V,중,26,But he was and often | forgot to close the cage.,그러나 그는 새장을 | 닫는 것을 자주 잊어버렸습니다.,Main Clause | Sub Clause,AutoParsed,generic_concept
L01-130,Extra/Extracted,"One day, when he saw the animal on his desk, he was It was chewing the wires of his headphones.",어느 날 책상 위의 동물을 봤을 때 그는 헤드폰의 전선을 씹고 있었습니다.,,시간의 접속사 / 현재분사/동명사,When/While + S + V / V-ing,중,26,"One day, when he saw the animal on his desk, | he was It was chewing the wires of his headphones.",어느 날 책상 위의 동물을 봤을 | 때 그는 헤드폰의 전선을 씹고 있었습니다.,Main Clause | Sub Clause,AutoParsed,generic_concept
L01-131,Extra/Extracted,"He took them away quickly, but it was too late.",그는 그들을 빨리 데려갔지만 때는 너무 늦었습니다.,,일반 문장,-,중,,"He took them away quickly, | but it was too late.",그는 그들을 빨리 | 데려갔지만 때는 너무 늦었습니다.,Main Clause | Sub Clause,AutoParsed,generic_concept
L01-132,Extra/Extracted,"These headphones are now, ” and added, “I’ll buy headphones.",이 헤드폰은 지금이다”라며 “헤드폰을 사겠다.,,일반 문장,-,중,26,"These headphones are now, ” | and added, “I’ll buy headphones.",이 헤드폰은 | 지금이다”라며 “헤드폰을 사겠다.,Main Clause | Sub Clause,AutoParsed,generic_concept
L01-133,Extra/Extracted,The rabbit will have no wire to chew.,토끼는 씹을 수 있는 철사가 없습니다.,,to부정사 / 조동사,to + V / Modal + V,중,26,The rabbit will have | no wire to chew.,토끼는 씹을 수 | 있는 철사가 없습니다.,Main Clause | Sub Clause,AutoParsed,generic_concept
L01-134,Extra/Extracted,I think a hot dog is what he needs.,내 생각엔 핫도그가 그에게 필요한 것 같아.,,의문사 구문,Wh-word,중,27,I think a hot | dog is what he needs.,내 생각엔 핫도그가 | 그에게 필요한 것 같아.,Main Clause | Sub Clause,AutoParsed,generic_concept
L01-135,Extra/Extracted,He needs some medicine.,그에게는 약이 필요해요.,,일반 문장,-,중,27,He needs | some medicine.,그에게는 | 약이 필요해요.,Main Clause | Sub Clause,AutoParsed,generic_concept
L01-136,Extra/Extracted,He has a stomachache.,그는 배가 아프다,,일반 문장,-,중,27,He has | a stomachache.,그는 | 배가 아프다,Main Clause | Sub Clause,AutoParsed,generic_concept
L01-137,Extra/Extracted,଺ই Have Fun Together 28   Lesson 1 What Matters to You?,଺ই 함께 즐거운 시간 보내세요 28 제 1과 당신에게 무엇이 중요합니까?,,to부정사 / 의문사 구문,to + V / Wh-word,중,10,଺ই Have Fun Together 28  |  Lesson 1 What Matters to You?,଺ই 함께 즐거운 시간 보내세요 | 28 제 1과 당신에게 무엇이 중요합니까?,Main Clause | Sub Clause,AutoParsed,generic_concept
L01-138,Extra/Extracted,wallet merchant delighted valuable 1  Th  e woman always carries a family photo in her 2  Th  e islanders gave me tips on how to catch fish.,지갑 상인이 귀중함을 기뻐하다 1 그 여자는 항상 가족사진을 가지고 다닌다 2 섬 주민들은 나에게 물고기 잡는 방법에 대한 조언을 주었다.,,to부정사 / 의문사 구문,to + V / Wh-word,중,28,wallet merchant delighted valuable 1  Th  e woman always carries a family photo | in her 2  Th  e islanders gave me tips on how to catch fish.,지갑 상인이 귀중함을 기뻐하다 1 그 여자는 항상 가족사진을 가지고 | 다닌다 2 섬 주민들은 나에게 물고기 잡는 방법에 대한 조언을 주었다.,Main Clause | Sub Clause,AutoParsed,generic_concept
L01-139,Extra/Extracted,3  I am that you can come to the party.,3 나는 당신이 파티에 올 수 있다는 것을 알고 있습니다.,,to부정사 / 접속사/관계대명사 that,to + V / that + S + V / N + that,중,28,3  I am that | you can come to the party.,3 나는 당신이 파티에 올 | 수 있다는 것을 알고 있습니다.,Main Clause | Sub Clause,AutoParsed,generic_concept
L01-140,Extra/Extracted,4   Th  e library was built for the children in the city by a rich who sells tea.,4 차를 파는 부자가 도시의 아이들을 위해 도서관을 지었습니다.,,관계대명사,Relative Pronoun,중,28,4   Th  e library was built for | the children in the city by a rich who sells tea.,4 차를 파는 부자가 | 도시의 아이들을 위해 도서관을 지었습니다.,Main Clause | Sub Clause,AutoParsed,generic_concept
L01-141,Extra/Extracted,LISTENING & SPEAKING Listen and role play.,듣기 및 말하기 듣기와 역할극을 해보세요.,,현재분사/동명사,V-ing,중,28,LISTENING & SPEAKING | Listen and role play.,듣기 및 말하기 | 듣기와 역할극을 해보세요.,Main Clause | Sub Clause,AutoParsed,generic_concept
L01-142,Extra/Extracted,READING Read and answer.,읽기 읽고 대답하세요.,,현재분사/동명사 / 비교급,V-ing / Comparative,중,,READING Read | and answer.,읽기 | 읽고 대답하세요.,Main Clause | Sub Clause,AutoParsed,generic_concept
L01-143,Extra/Extracted,"Isabel lives in a small village near Kakamega, Kenya.",이사벨은 케냐 카카메가 근처의 작은 마을에 살고 있습니다.,,일반 문장,-,중,28,"Isabel lives in a | small village near Kakamega, Kenya.",이사벨은 케냐 카카메가 근처의 | 작은 마을에 살고 있습니다.,Main Clause | Sub Clause,AutoParsed,generic_concept
L01-144,Extra/Extracted,"In the past, she had to walk a long distance every day to get clean water.",예전에는 깨끗한 물을 얻기 위해 매일 먼 거리를 걸어야 했습니다.,,to부정사 / 비교급,to + V / Comparative,중,,"In the past, she had to walk a | long distance every day to get clean water.",예전에는 깨끗한 물을 얻기 위해 | 매일 먼 거리를 걸어야 했습니다.,Main Clause | Sub Clause,AutoParsed,generic_concept
L01-145,Extra/Extracted,She sometimes got sick because of the dirty water she drank.,그녀는 때때로 더러운 물을 마셨기 때문에 병에 걸렸습니다.,,이유의 접속사 / 비교급,Because/Since + S + V / Comparative,중,,She sometimes got sick because | of the dirty water she drank.,그녀는 때때로 더러운 물을 | 마셨기 때문에 병에 걸렸습니다.,Main Clause | Sub Clause,AutoParsed,generic_concept
L01-146,Extra/Extracted,"Three months ago, she received a valuable gift from a volunteer worker.","석 달 전, 그녀는 자원봉사자로부터 값진 선물을 받았습니다.",,비교급,Comparative,중,,"Three months ago, she received a | valuable gift from a volunteer worker.","석 달 전, 그녀는 | 자원봉사자로부터 값진 선물을 받았습니다.",Main Clause | Sub Clause,AutoParsed,"has_or_not, verb_of_uncertainty"
L01-147,Extra/Extracted,It looks like a thick straw.,두꺼운 빨대처럼 보입니다.,,일반 문장,-,중,28,It looks like | a thick straw.,두꺼운 | 빨대처럼 보입니다.,Main Clause | Sub Clause,AutoParsed,generic_concept
L01-148,Extra/Extracted,"Dirty water goes into the straw, and clean water comes out of it.","더러운 물이 빨대 속으로 들어가고, 그 속에서 깨끗한 물이 나옵니다.",,비교급,Comparative,중,,"Dirty water goes into the straw, | and clean water comes out of it.","더러운 물이 빨대 속으로 들어가고, | 그 속에서 깨끗한 물이 나옵니다.",Main Clause | Sub Clause,AutoParsed,generic_concept
L01-149,Extra/Extracted,Isabel carries the straw everywhere.,이사벨은 빨대를 어디든 가지고 다닙니다.,,일반 문장,-,중,,Isabel carries | the straw everywhere.,이사벨은 빨대를 | 어디든 가지고 다닙니다.,Main Clause | Sub Clause,AutoParsed,generic_concept
L01-150,Extra/Extracted,"Now, she does not get sick anymore.",이제 그녀는 더 이상 아프지 않습니다.,,일반 문장,-,중,28,"Now, she does | not get sick anymore.",이제 그녀는 더 | 이상 아프지 않습니다.,Main Clause | Sub Clause,AutoParsed,generic_concept
L01-151,Extra/Extracted,She can go to school every day.,그녀는 매일 학교에 갈 수 있습니다.,,to부정사 / 조동사,to + V / Modal + V,중,,She can go | to school every day.,그녀는 매일 학교에 | 갈 수 있습니다.,Main Clause | Sub Clause,AutoParsed,generic_concept
L01-152,Extra/Extracted,"So, the straw is what is most to Isabel.",그래서 이사벨에게는 빨대가 가장 소중한 것입니다.,,to부정사 / 의문사 구문,to + V / Wh-word,중,,"So, the straw is | what is most to Isabel.",그래서 이사벨에게는 빨대가 | 가장 소중한 것입니다.,Main Clause | Sub Clause,AutoParsed,generic_concept
L01-153,Extra/Extracted,7  Why did Isabel have to walk far every day?,7 이사벨은 왜 매일 멀리 걸어야 했나요?,,to부정사 / 의문사 구문,to + V / Wh-word,중,28,7  Why did Isabel | have to walk far every day?,7 이사벨은 왜 | 매일 멀리 걸어야 했나요?,Main Clause | Sub Clause,AutoParsed,generic_concept
L01-154,Extra/Extracted,GRAMMAR & WRITING Complete the sentences.,문법 및 쓰기 문장을 완성하세요.,,현재분사/동명사,V-ing,중,28,GRAMMAR & WRITING | Complete the sentences.,문법 및 | 쓰기 문장을 완성하세요.,Main Clause | Sub Clause,AutoParsed,generic_concept
L01-155,Extra/Extracted,9  Jessie in the kitchen.,9 부엌에 있는 제시.,,일반 문장,-,중,28,9  Jessie | in the kitchen.,9 부엌에 | 있는 제시.,Main Clause | Sub Clause,AutoParsed,generic_concept
L01-156,Extra/Extracted,(her brother / cook / watched) 10  She did not want to (he / eat / what / cooked) Script Check Y ourself׮ 6 Mr.,(그녀의 오빠 / 요리하다 / 지켜봤다) 10 그녀는 (그가 / 먹다 / 무엇을 / 요리했는지) 원하지 않았습니다 대본 스스로 확인하세요 ׮ 6 Mr.,,의문사 구문 / 비교급,Wh-word / Comparative,중,28,(her brother / cook / watched) 10  She did not want to | (he / eat / what / cooked) Script Check Y ourself׮ 6 Mr.,(그녀의 오빠 / 요리하다 / 지켜봤다) 10 그녀는 (그가 / 먹다 | / 무엇을 / 요리했는지) 원하지 않았습니다 대본 스스로 확인하세요 ׮ 6 Mr.,Main Clause | Sub Clause,AutoParsed,generic_concept
L01-157,Extra/Extracted,Oh knows a lot about everything.,"아, 모든 것에 대해 많이 알고 있어요.",,현재분사/동명사,V-ing,중,28,Oh knows a | lot about everything.,"아, 모든 것에 | 대해 많이 알고 있어요.",Main Clause | Sub Clause,AutoParsed,generic_concept
L01-158,Extra/Extracted,How do you feel about the school play?,학교 연극에 대해 어떻게 생각하세요?,,의문사 구문 / 지각동사,Wh-word / see/hear + O + V(ing),중,28,How do you feel | about the school play?,학교 연극에 | 대해 어떻게 생각하세요?,Main Clause | Sub Clause,AutoParsed,generic_concept
